Epoch,SSIM,PSNR
1,0.7380340449817763,19.27178508660895
11,0.8225846493423026,20.69758771471338
21,0.8625288431047141,22.01484871254325
31,0.8692860989558366,22.314184376823242
41,0.8668846039237523,22.274572897944466
51,0.8682681273271444,22.502466249599482
61,0.8768065338268287,22.637745512267287
71,0.8889487080431198,23.116588711863788
81,0.8899312239748386,23.519338166230845
91,0.8911912054434758,23.876650379045437
